,V1,V2,V3,V4,average phenotypes
775,1.67162948,-1.727469864,-1.890284787,0.050915896,-0.64870839
2166,-0.25270276,0.409522431,0.309385527,-1.738758824,0.155401732
2167,0.341815127,-0.648626327,-0.799559211,-1.053569074,-0.368790137
2465,0.785439489,0.093949194,0.570467725,0.55175735,0.483285469
3881,0.998317613,-0.282480618,1.618681922,-0.114284847,0.778172972
3889,2.336096876,0.626475867,0.073533109,0.719585572,1.012035284
3895,0.617410817,-0.313592403,0.054325703,0.003353815,0.119381372
4248,0.647218152,-0.424040504,-0.708083307,0.96432654,-0.16163522
5131,-0.967639024,-1.789263083,-1.936039632,-1.502757762,-1.564313913
6387,-1.050822664,-1.617622987,-1.987208702,-0.562403664,-1.551884784
12867,1.685767604,-0.269196721,-0.212643726,0.347223096,0.401309052
13098,0.89101935,-0.189898377,-0.381945945,0.692406116,0.106391676
13302,1.17418089,-0.207637663,0.75160353,-0.191638129,0.572715586
13350,0.316022824,-0.653651298,-0.43037834,0.006807298,-0.256002271
13396,0.797614889,-0.633823547,-0.69790524,-0.236084995,-0.178037966
13421,1.001363499,0.142933167,-0.158493031,-0.634352521,0.328601212
13469,2.339712848,-0.194708173,-0.373009518,0.435259359,0.590665053
13569,1.813670391,-0.359614555,-0.523357727,-0.576453594,0.310232703
13728,0.950023214,-0.851409851,-0.767698905,-1.032069378,-0.223028514
13767,1.842361987,0.323091665,-0.220684821,0.098116109,0.648256277
13954,0.665868096,-0.488896804,-0.718396518,0.266062331,-0.180475075
14103,-0.437956163,-0.862459724,-0.928250521,0.397255321,-0.742888802
14431,1.650976092,0.22104172,-0.414963425,0.695985466,0.485684796
15200,-0.40152769,-1.953574569,-1.528384823,-0.961111725,-1.294495694
15292,-1.127238572,-0.236205319,0.600934354,-1.337557019,-0.254169846
16004,-0.485240695,-0.274386238,0.308836502,-0.266851667,-0.150263477
16122,0.858573333,8.86E-05,0.065475121,-0.449972758,0.308045671
16262,2.593962902,0.069267347,-0.987916799,0.385250734,0.558437817
19627,0.967549276,1.310916144,0.803127355,-0.687248226,1.027197592
19630,-0.519046774,0.41790793,0.56994404,-1.192384899,0.156268399
20010,0.985775728,0.398352313,0.953940123,0.652278069,0.779356055
20424,3.278920805,-0.273025572,-1.408832658,0.973947517,0.532354192
20585,-1.305113438,-2.873682186,-2.228348647,-1.224803578,-2.135714757
20934,0.434111993,-0.381543426,0.135682666,-0.541336636,0.062750411
27001,0.265708694,-0.362196655,-0.070674474,0.01109465,-0.055720812
30709,0.345105336,-1.059420864,0.233451235,-0.836448097,-0.160288098
31089,-1.401018132,-1.406434977,-1.764110543,-0.879321623,-1.52385455
39359,1.495049524,-1.413731944,-1.233474278,-0.032471146,-0.384052232
41263,0.56560632,-0.360525884,-0.824746759,-0.414399531,-0.206555441
41418,0.121248991,-0.382226924,-0.629505251,-0.21851865,-0.296827728
41471,0.748286193,1.42230089,1.167983604,-0.954055293,1.112856895
41484,0.282216745,1.061629488,1.187596443,-1.624691644,0.843814225
41542,1.142190941,-0.059521266,0.401537153,0.18150315,0.49473561
41660,-1.275265382,-0.035174839,0.807570229,-1.255939985,-0.167623331
41669,-0.280189032,-0.608920196,-1.458388441,-0.533186732,-0.782499223
41686,0.409679751,-0.699363344,-0.614538003,-0.051909767,-0.301407198
41709,0.004511739,-0.76337793,-0.750603132,-0.393127969,-0.503156441
41761,0.535644247,-0.12263085,-0.498862794,0.510889833,-0.028616466
41800,0.686040984,-0.409668075,-0.697719416,0.078449353,-0.140448836
41804,-0.456435082,0.068761052,0.498832716,-0.434506822,0.037052896
41948,0.580713589,0.439381137,0.632515924,-0.295824731,0.550870217
42066,0.139231121,-0.483403511,-0.516600504,-0.318819101,-0.286924298
42076,0.025385018,-0.347343246,-0.336723231,-0.691559178,-0.219560487
42083,0.309238805,-0.906349111,-0.597965914,0.18436663,-0.39835874
42174,-0.365522709,0.105916725,1.686009202,-1.011088883,0.475467739
42237,-1.092259746,-0.283486878,1.563238909,-1.365090476,0.062497428
42274,0.449406577,-0.134206004,0.22090814,-0.556566571,0.178702904
43154,0.030711247,0.231060019,-0.177041608,-1.814806233,0.028243219
43789,-0.67020091,-0.122662494,0.837893266,-0.983555426,0.015009954
60900,0.257466884,-2.379095942,-1.313108149,0.613385094,-1.144912402
62114,0.142285151,0.199353338,3.057970393,-0.765254443,1.133202961
62150,1.122970911,1.043269991,1.207792093,-0.335858378,1.124677665
62221,1.083260374,0.921942891,0.216558177,-0.075509873,0.740587147
62256,0.502253516,-0.09930334,-0.640764474,0.021297763,-0.079271433
62526,0.824197168,-0.281411071,-0.423714029,-1.294203624,0.039690689
62576,1.239146222,-0.956484904,-0.955532808,-0.458563197,-0.224290497
62587,-0.87979697,-0.281980652,-0.609934645,-2.89909738,-0.590570756
62603,0.70277707,0.561208203,-0.731986983,-0.838021438,0.177332763
62627,0.560687295,-0.126193896,-0.405106326,0.101066122,0.009795691
62633,0.381183613,-0.455272534,-0.590321805,0.238403007,-0.221470242
64869,0.52587135,1.251034186,1.413008951,-2.090140806,1.063304829
64873,0.160755926,-0.276189911,0.578939593,-2.581809685,0.154501869
65038,0.33457504,-0.254286354,-0.946528809,-1.061435776,-0.288746708
65315,0.873330407,-0.674903001,0.358096657,-0.059745002,0.185508021
67055,-0.934574057,-0.462949221,-0.202879539,-0.856209253,-0.533467606
67929,1.706201103,-0.305187917,-0.679618505,0.0666493,0.240464893
68052,-0.150641141,0.324477646,1.264172671,-0.076807879,0.479336392
68460,1.047271681,-0.61321104,-0.650900308,-0.726314268,-0.072279889
70761,-0.135403566,0.175949884,1.155178666,-0.984247696,0.398574995
76718,-0.408588608,-0.704198455,-0.712061622,-1.206426962,-0.608282895
77128,1.309706536,0.243894579,1.398776551,-0.287069092,0.984125889
77205,-1.575635365,-0.404472229,-0.174786385,-1.206773097,-0.718297993
77230,-0.321023453,-0.823797826,-0.285047369,-0.2742385,-0.476622882
77246,0.938141001,-0.601319453,0.621146897,0.024696178,0.319322815
77310,-0.075340972,-1.15288912,0.227783614,0.082382704,-0.333482159
77331,0.92999692,-0.082367796,1.154486051,0.625185147,0.667371725
77534,0.859933394,-0.271449731,-0.052582009,0.142405641,0.178633885
77587,1.492850622,-0.194784117,0.020598714,0.643726964,0.439555073
78690,-0.722958265,-2.824634925,-1.316520547,-1.428024093,-1.621371246
80506,-0.605528766,-0.323319582,0.957048445,-1.11335601,0.009400032
80662,0.145094859,-2.283532893,-0.549297016,-0.818354682,-0.895911683
80836,0.898780659,-0.853498315,-0.996963031,0.103363199,-0.317226896
82710,-0.059907939,-2.278786384,-1.583397064,-1.102869696,-1.307363795
83123,1.299322833,0.125795105,0.045093647,0.133948936,0.490070529
85244,0.907828733,-0.12277641,0.184334671,0.011582386,0.323128998
85331,-0.016524421,-0.596522315,-0.392436533,-0.907948552,-0.33516109
85465,0.41013582,-0.397833445,-0.68685718,-0.4001136,-0.224851602
85587,0.475850407,0.350412571,-0.846437445,0.024688311,-0.006724822
85599,0.529967823,-0.188487081,-0.698935716,-1.292118948,-0.119151658
85637,0.149215764,-0.721330188,-0.34492481,-0.646357108,-0.305679745
85646,1.96339117,0.134471724,0.100840736,-0.24015208,0.73290121
85676,1.25576829,-0.078962967,0.558397636,-0.806554629,0.578400986
85685,1.711380738,-0.072608973,-0.561367105,-0.117376461,0.359134886
85711,0.512392897,-0.539981899,0.529442936,-0.132637863,0.167284645
85741,0.620521855,-0.071659672,0.463070114,0.501937526,0.337310766
85786,1.448050034,0.411269146,0.009373278,-0.20606566,0.622897486
85888,0.103739218,-0.904899844,-0.141084736,-1.035868995,-0.314081787
85899,0.852628154,0.224332633,-0.227129523,-0.539086759,0.283277088
86162,-0.760966689,0.01742281,0.485478754,-1.49489106,-0.086021708
86230,0.268111197,-0.516464529,-0.051652891,-1.364760075,-0.100002074
86394,0.108348767,0.938777177,1.258479711,-1.366404215,0.768535218
86490,0.790757573,-0.269576442,-0.144108593,-0.002459677,0.125690846
86783,-1.081134932,-0.641728067,-1.548403096,-0.670201082,-1.090422032
86954,-0.571950722,0.289859773,0.480199674,-2.142588108,0.066036242
87107,0.004397722,-2.239232142,-2.160573701,-0.603326248,-1.46513604
87507,-0.075569006,1.18673481,0.9659173,-0.330619154,0.692361035
88809,-0.115605306,-0.443589793,-0.030443658,-0.09331222,-0.196546252
89242,-0.470361459,-0.312940549,0.633436596,-0.430801605,-0.049955138
89491,-1.063038785,-0.151331408,0.617379745,-1.28445678,-0.198996816
89762,1.319104805,0.310769727,-0.314728471,-0.550100142,0.438382021
92207,1.809280731,-0.030124553,-0.545335594,0.6148011,0.411273528
96413,0.107485495,0.853017251,0.697165654,-0.969135761,0.552556133
96458,-0.128994175,-2.261382517,-2.025429244,-1.205136823,-1.471935312
96495,1.100118621,-0.67677629,-0.019581422,-0.740993534,0.13458697
96501,1.014149705,0.439501382,-0.348996037,0.441631388,0.36821835
96619,0.703550758,-0.716438119,-1.00762255,-0.114984984,-0.340169971
96638,2.398537543,0.639171196,0.183616716,0.05035736,1.073775152
97120,-0.430341447,-0.581630934,-1.12728452,-0.545970123,-0.713085634
97127,0.367599287,-0.705502163,-1.006617413,0.258077628,-0.44817343
97487,-0.677009362,-0.580934779,0.062096509,-2.117674263,-0.398615877
103122,-0.561477434,-2.630028054,-0.939045184,-1.296917636,-1.376850224
106657,0.354935241,-1.096905628,0.635624247,-0.69117371,-0.035448713
106844,0.600617722,-1.316953788,-0.689272887,-0.599400764,-0.468536318
106875,1.617992565,0.286360014,-0.476901819,-0.380179377,0.47581692
107017,1.738524959,0.013321826,-0.554609882,0.340410532,0.399078968
107052,1.200111643,-0.595478083,-0.123347026,-0.720020907,0.160428845
107059,1.259384262,-0.729842261,-1.566504007,-0.313572011,-0.345654002
107066,0.640882057,-0.504933676,0.609085254,-0.274246367,0.248344545
107103,0.299734663,-0.467442583,0.621146897,0.268556076,0.151146325
107131,0.186100305,-1.608737522,-1.25901658,0.130896656,-0.893884599
108014,0.98881347,0.075361864,-0.334915674,-0.088065129,0.243086554
126114,1.671474743,-0.137661462,-0.25560277,-0.015164401,0.42607017
126308,-0.725474786,-2.721002811,-2.109902976,-1.972140275,-1.852126858
126309,-0.853540454,-2.186229457,-2.160582148,-1.480471395,-1.733450686
130562,-0.781090713,-2.249516244,-1.199477,-1.030755638,-1.410027986
133128,0.324842863,-0.376005832,-0.970956169,-0.222168799,-0.340706379
143023,-0.135460575,-2.281159638,-1.019084489,-0.899649182,-1.145234901
143058,0.638056061,-0.784990368,-0.110077529,-0.456840389,-0.085670612
143067,0.584313273,-2.175945354,-1.208937112,-0.630859705,-0.933523064
143808,0.037535986,-2.259800347,-1.272286076,-0.687248226,-1.164850146
143844,-0.075365404,-2.067566731,-1.293402398,-0.826221384,-1.145444844
143989,1.077111593,0.273468495,0.148141296,-0.397486122,0.499573795
144880,1.72531526,-0.312149464,-0.909364083,-0.08753806,0.167933904
167864,0.065331733,-0.597465288,-0.928512363,-0.80889104,-0.486881972
168060,-0.434926565,-0.734367266,-0.160359714,-0.328825546,-0.443217848
168154,1.400545612,-1.128549022,-0.193334962,0.300030751,0.026220543
168524,0.867116473,0.017365852,-0.872951098,-0.379133106,0.003843742
168614,-0.438778715,-0.926480638,-0.606412442,-0.094256224,-0.657223932
168912,-0.450848242,-2.34681968,-1.360687445,-1.775472723,-1.386118456
168924,0.175985357,-2.017728385,-1.211749806,-0.461733478,-1.017830945
168928,0.952971372,0.175114499,-0.057675266,0.406821231,0.356803535
168939,0.325942314,-1.981338483,-1.273696647,0.515051318,-0.976364272
168945,0.926380948,0.644746762,-1.445439912,0.229230432,0.041895933
168979,0.200645633,-0.979825071,-0.77253032,-0.934569472,-0.517236586
169164,-0.143881554,-2.121018751,-0.356842862,-2.676469711,-0.873914389
170744,-2.224246236,-2.527187024,-2.267168892,-1.842811693,-2.339534051
170862,0.323262912,-0.578928588,-0.648248098,-0.413219526,-0.301304591
214589,0.623722479,-0.398048621,-0.353337553,0.394297441,-0.042554565
217385,0.955186561,2.111734495,0.343948721,1.514122481,1.136956593
217451,-0.997039155,-2.333371238,-1.050260626,-0.957335708,-1.460223673
217562,-0.482284394,-2.07231324,-1.261618111,-0.122151549,-1.272071915
217726,-0.630873145,-0.766459996,-0.585498837,-0.418222748,-0.660943993
217743,-0.1533124,-0.251653624,-0.242189683,-0.176880196,-0.215718569
217748,0.578498399,0.423875874,0.478907355,-0.026319385,0.493760543
217754,-0.266629138,-0.909152716,-1.758890588,-0.116904459,-0.978224147
217777,0.045240286,-1.06887591,-1.53814901,-0.627768091,-0.853928211
218554,1.053053979,0.002702304,-0.31923047,-0.636106796,0.245508604
218794,0.156537293,-0.54495624,-0.067042466,-0.684974749,-0.151820471
220384,-0.767604115,-2.774005495,-2.260327204,-1.696805702,-1.933978938
220399,-0.881059303,-2.949626331,-2.300642485,-1.67844482,-2.043776039
222490,0.822315886,-0.653898116,0.061268749,1.154873797,0.076562173
222693,-0.973934398,-1.391638526,-1.868045077,-0.531220057,-1.411206
269000,1.244627188,-0.394137497,0.447148408,-0.528073376,0.432546033
292703,0.642038516,-0.659587598,0.565433594,-0.04531747,0.182628171
292717,0.615765712,0.152173038,0.202435582,0.139022959,0.323458111
292907,-0.324305517,-0.705432547,-1.010435244,-0.460419738,-0.680057769
294614,1.49951248,0.338122277,-0.64770752,-1.294290158,0.396642412
294670,0.886857725,-0.032263646,-0.10903016,-0.539519428,0.248521306
294705,0.782361026,-0.41888896,-1.211749806,-0.604647854,-0.282759247
294724,0.965651705,0.667112313,-1.558057478,-1.106803047,0.02490218
294745,0.374236712,-0.595629971,-0.383990005,-1.020347991,-0.201794421
294818,0.514005425,-0.567828085,-1.652844422,-1.355910035,-0.568889027
294834,-0.157009812,-0.916082619,-1.206115972,-0.378181235,-0.759736134
294881,0.732445956,-0.67457391,-1.488677692,-0.886535389,-0.476935215
294897,0.504745605,-0.341685408,-1.162008199,-0.532533796,-0.332982667
294910,-0.34744285,-1.092260378,-1.697898205,-1.789892388,-1.045867144
294940,-0.428965098,-1.677606204,-3.350596667,-1.024194809,-1.819055989
295026,1.448962171,2.143377889,0.221862597,1.446468843,1.271400886
295091,0.609291168,0.017074733,0.066894137,0.572218642,0.23108668
295146,1.003969605,0.230022115,0.348214218,0.276084509,0.527401979
295190,0.24953455,-0.152995851,0.575898843,0.001284873,0.224145847
295191,0.107982284,1.650582661,1.646344303,0.234800057,1.134969749
295261,0.222887118,-1.944157495,-1.535539033,-0.594153673,-1.085603137
295296,0.806109165,-0.321560209,0.595807311,0.406097495,0.360118756
295788,-1.688113263,-1.398498814,-1.177076806,-0.902315994,-1.421229628
305029,1.270818551,-2.123417321,-1.082940245,-0.841954789,-0.645179672
320849,-0.68283238,-0.605483724,-0.132139862,-0.942105773,-0.473485322
321131,0.159412153,-1.666486715,-0.686654464,-0.20606566,-0.731243009
321397,0.364545256,-0.809855746,-0.740154776,-0.272334759,-0.395155089
321487,0.590209587,-0.670175478,0.489828717,-0.42809546,0.136620942
321614,-0.152489848,1.646734824,1.754856856,-0.08675139,1.083033944
321822,0.861635507,0.513907658,0.165270856,0.722559185,0.513604674
321833,1.026414691,0.360835905,0.910339142,0.781732518,0.765863246
321840,1.094442197,0.640411617,0.808178379,0.729198682,0.847677398
323172,1.151572922,0.399029481,0.441759522,0.719145037,0.664120642
326413,0.516912861,-0.929195642,-0.968211047,-0.173646981,-0.460164609
341985,-0.539431407,0.92252513,0.547932387,0.594835411,0.310342036
342090,0.610089288,0.298517405,0.231998432,0.511770903,0.380201708
342202,0.33301952,0.310738084,0.366036394,0.119694472,0.336597999
342218,0.083020677,-0.353159302,0.178303849,-0.34458255,-0.030611592
342231,0.642486441,-0.356690705,0.87623206,0.051309231,0.387342599
342253,1.076411202,0.795970541,0.872811216,0.962469998,0.915064319
342263,0.079689748,-0.081912131,0.162458162,-0.123709156,0.053411926
342284,0.958330177,0.406788441,-0.664600577,-1.776786462,0.233506013
342294,0.689583659,-0.408199821,-0.061239701,-1.22291557,0.073381379
342325,0.25240941,0.385220304,-0.136624969,-0.259590701,0.167001582
342336,0.561314389,-0.176608151,0.453365053,-0.407712834,0.279357097
342374,1.075702667,-0.680067203,0.927755884,-0.285778952,0.441130449
343215,0.475402482,-0.342577751,0.251188945,0.735712311,0.128004558
343376,-1.43664034,-0.10725849,0.209167465,0.624791812,-0.444910455
345434,2.526904542,-0.489352469,-1.400394575,0.537337685,0.212385833
353782,-0.4672097,-0.674181532,0.080569067,-0.124118225,-0.353607388
355408,0.759125964,-0.255349572,0.231837948,-0.10681148,0.24520478
355411,0.893902355,-0.405339258,0.79345608,0.189306919,0.427339725
358060,-0.459033043,1.292917382,0.567528333,0.462714149,0.467137557
358856,1.40401499,2.201386558,-0.057649927,1.606949565,1.182583874
358886,1.115779688,0.481954159,0.26840297,0.816613475,0.622045605
359354,0.59572313,-0.189227537,0.749534131,-0.479299823,0.385343241
367751,1.836253927,2.154978357,-0.063021919,1.556602672,1.309403455
367789,1.331622257,1.83116518,0.247193737,1.639989714,1.136660391
368747,1.467962311,2.322688344,0.697089635,0.999640166,1.49591343
369564,0.069493359,0.500319985,0.263622235,0.290850309,0.277811859
369670,0.105807814,0.481884543,-0.153822101,-0.505716209,0.144623419
369673,1.219136215,0.364297692,0.103374694,0.489358669,0.562269534
369679,0.82457994,1.390265118,0.687950491,0.302650362,0.967598516
369682,1.300006936,0.559815893,0.919993524,0.80577316,0.926605451
371007,-1.156353661,1.138320417,1.457116723,2.290306374,0.479694493
373045,-0.665941556,0.577820984,0.550052465,-0.12229315,0.153977298
373101,-0.448421306,0.631545138,1.068812911,0.031367141,0.417312248
376770,0.552209307,-0.211567773,-0.42974485,0.189849721,-0.029701105
376790,-1.064928211,-0.459576035,-0.699594545,0.447924749,-0.741366264
376804,-0.154615453,0.514559512,0.325281893,0.781771852,0.228408651
377165,1.439001961,2.439775229,0.016831562,1.521989183,1.298536251
377191,0.812233514,-0.347957128,0.013436058,-0.264326456,0.159237481
377246,1.112774522,-0.561075385,0.162500394,-0.433672951,0.238066511
377276,0.13729283,-0.599984102,0.257946167,-0.01201772,-0.068248368
390604,0.852253526,0.665852906,0.786859341,0.706739247,0.768321924
390845,0.463976337,-0.718786059,-1.45294043,-0.81048798,-0.569250051
390866,0.477267477,-0.464695936,-1.165766904,-0.50893369,-0.384398455
391721,-1.091078854,-1.045200323,-1.557567579,-0.524187225,-1.231282252
391994,0.227317498,1.084621578,0.129229518,0.66064824,0.480389531
392036,0.331048653,-0.023580699,0.272355945,0.04649481,0.193274633
392884,0.568171705,0.632513426,-1.497985767,-0.599400764,-0.099100212
392956,0.556664119,0.045212039,-1.495181519,-0.506314078,-0.297768454
392959,0.260480194,0.268114433,-1.118837992,-1.037316468,-0.196747788
393017,-0.575012896,-1.267779954,-1.145588148,-0.254312144,-0.996126999
393205,0.523151227,0.342090359,0.794182481,0.297183004,0.553141356
393281,1.147631187,1.72990632,-0.31718641,1.185294334,0.853450366
393298,-0.151805745,2.451375697,-0.032301894,1.300148185,0.755756019
412450,-0.371948389,-2.090508191,-0.489571612,-0.554820163,-0.984009397
412956,0.406967773,-0.820247437,-0.755637263,-0.165064409,-0.389638976
413235,-0.454749257,-0.069248445,-0.037682333,1.578629438,-0.187226678
413317,-0.769851881,-1.551304762,-0.542362416,-1.451624199,-0.954506353
414940,1.195550958,-1.10441777,-1.561681039,-0.683834077,-0.490182617
415066,0.240014119,-1.731039238,-0.620492805,-0.487953196,-0.703839308
415173,-0.001987237,-1.794326026,-0.641609127,-0.602020376,-0.812640797
416019,-0.585795659,-1.19581022,-1.162278488,-0.210651948,-0.981294789
416396,2.279813135,-0.881154641,-1.24553592,-0.772468209,0.051040858
418273,-0.904172203,-0.886856781,-0.287699579,1.295428163,-0.692909521
419150,-0.125940145,-0.262380734,0.593906842,-1.548793703,0.068528654
419152,-0.168248644,-0.097569282,0.510421353,-1.667730371,0.081534476
419380,0.939240452,-0.780471691,-0.797869905,-0.893088352,-0.213033715
419525,0.9182613,-0.291163565,-1.721354215,-0.379786042,-0.36475216
419528,1.062566265,-0.324541017,-0.133406841,1.459055566,0.201539469
420071,1.235627979,-0.174589303,-0.555733271,-0.208685272,0.168435135
420125,0.301453064,-0.886761851,-2.115528364,0.249550123,-0.90027905
420158,1.515287564,0.016365921,-2.152135619,-0.027751125,-0.206827378
420213,-0.756006944,0.300441324,-0.35653034,-2.486095521,-0.270698654
421018,0.561705305,-0.399795336,-0.572727686,0.095307696,-0.136939239
421064,0.142985542,-0.225022544,-0.503271882,0.359581685,-0.195102961
421337,0.91830202,-1.767745575,-0.856995606,-0.558753514,-0.568813053
421340,1.008522146,-0.282835024,-0.61084687,0.085002316,0.038280084
421442,0.846169898,-2.036081554,-0.840102548,0.605518392,-0.676671401
421747,0.084462179,0.660593774,0.971154148,-2.682763073,0.572070034
421749,0.130883439,0.731658507,0.936303771,-1.41622404,0.599615239
421919,0.06292923,-0.5341785,-0.256084223,-0.051351231,-0.242444498
422005,0.127161594,-1.265248483,-0.650055655,-1.046489042,-0.596047515
422181,1.754137161,-0.904482151,-0.704113438,0.665643596,0.048513857
422212,-0.278486919,-0.403301424,-0.801704629,-0.688412498,-0.494497658
422381,-0.397260192,-1.199056832,-1.158823858,-0.650762462,-0.918380294
422983,0.411675051,-0.668998344,-0.626523627,0.690085439,-0.29461564
423133,-0.800392184,-0.486491906,-1.26534303,-0.702604028,-0.850742373
423143,-1.255776597,-1.047927983,-1.261161998,-0.725220797,-1.18828886
423200,1.345279881,-1.475360617,0.194597203,0.770719135,0.021505489
423348,-1.474013527,-0.910057717,-0.835034631,1.072013825,-1.073035292
423409,0.221396751,-1.422199716,-0.704958091,-0.133951602,-0.635253685
423671,0.529128982,-0.36289281,-0.534160837,-0.009067707,-0.122641555
423673,0.256986383,-0.17723469,-0.753272235,0.112307639,-0.224506847
424673,1.156223192,0.479549261,0.201641608,-3.575633757,0.612471354
424689,1.460697791,-0.216086449,-1.284955869,-1.603058214,-0.013448176
424700,1.62450783,0.591180825,-0.828834879,-0.137884954,0.462284592
424702,0.939248596,-0.974129261,-0.445227337,-0.629553833,-0.160036001
427258,0.10518072,-0.203175945,-0.457593055,0.21611664,-0.185196093
427520,-0.062400028,-0.416287873,-0.844925516,0.400984138,-0.441204472
427650,-0.151585855,0.757479517,0.477555911,-0.331932893,0.361149858
427918,-0.258297743,-0.611723801,-1.199924666,-0.326685803,-0.68998207
428238,-0.293797791,0.955212755,1.225605822,-1.852826004,0.629006929
428988,0.094780729,0.259463129,0.084403791,-1.694178224,0.146215883
429101,-1.681247803,0.380904145,0.864508278,-1.653538841,-0.14527846
429168,-0.217951968,-0.718532912,0.176732795,-1.312100371,-0.253250695
429247,-1.042678583,-0.185512602,0.081101198,-2.242227757,-0.382363329
429726,0.36149937,0.822107984,0.64802375,-0.6964208,0.610543702
430048,-0.567732088,0.177266249,0.150252928,-1.733511734,-0.08007097
430154,0.869437536,-0.808317877,-0.302903331,0.05615512,-0.080594557
430174,0.174861474,-0.411294545,-0.112011785,0.048288418,-0.116148285
430390,-0.39023185,-0.203353148,0.260598377,-0.887070325,-0.11099554
430433,0.211509837,0.829569496,1.160187458,-0.338226255,0.733755597
431424,0.771415382,0.774434047,1.192436304,-0.802621278,0.912761911
431742,-1.657556672,-0.270804206,-0.663249133,-2.213388427,-0.863870004
432043,-0.726167033,0.586946939,0.583103732,-1.130395287,0.147961213
433740,-0.395224171,-0.573688442,-0.888247761,-1.469324279,-0.619053458
433924,-0.430691643,-0.484998338,0.505657511,-0.588599782,-0.13667749
434148,1.180109781,0.18842371,-1.049576457,-0.666527333,0.106319011
438163,0.78883557,0.237635516,-0.564990666,0.345917224,0.153826807
438273,-1.233323367,0.576485633,0.214657708,-2.007540434,-0.147393342
438323,-0.300883141,0.746284084,0.389255901,-1.466043864,0.278218948
438760,-0.670640691,0.054255721,0.424241422,-1.699425314,-0.064047849
438770,0.342629535,0.33145185,0.66495904,-2.263208251,0.446346808
443483,0.658522136,-0.156850016,-0.052159683,0.577984935,0.149837479
447647,0.812754735,-0.875098096,-0.488380652,-0.149213004,-0.183574671
450448,1.421361882,-0.419737003,0.031097749,0.439003909,0.344240876
450770,0.93406896,-0.633937463,0.292940135,0.418031282,0.197690544
454059,1.548043056,-0.320908355,0.983139772,0.268563942,0.736758158
455538,0.893796482,0.054432924,0.1939975,0.119096603,0.380742302
457982,-1.102276965,0.602616748,0.488114071,-2.062607348,-0.003848715
458835,0.881148724,0.680459496,0.390607345,0.200383235,0.650738522
460142,1.63380837,0.642632983,0.251188945,0.654905548,0.842543433
460689,0.966873317,0.074691024,-0.941460891,-0.074951337,0.033367817
460693,-0.064574497,-0.37620835,-1.874202596,0.178749805,-0.771661815
460960,-0.381265217,-1.505738275,-0.987916799,0.36951733,-0.958306764
464211,0.902209317,-0.601920678,-1.386314212,-0.521386679,-0.362008524
471420,-0.76649652,-0.102189218,1.596264835,-1.491941047,0.242526366
471785,-0.572480087,0.133838856,0.74754075,-0.967822022,0.102966506
480143,0.202347746,-0.528678879,-0.693690422,-0.255885485,-0.340007185
480914,0.360823412,-0.945466675,-0.177252771,-0.175070854,-0.253965345
512731,-0.111875317,-0.890318568,-0.285444356,-0.488307197,-0.429212747
520702,-0.151577711,-1.048535537,-0.727484983,-0.458272129,-0.642532743
536162,0.398147733,-0.917892621,-0.830051179,-0.321674714,-0.449932022
601577,0.109423786,-2.191767051,-1.4510653,-0.289971905,-1.177802855
609307,1.19920765,-0.760998347,-0.739952059,0.509812095,-0.100580919
609368,1.707756622,0.383100197,-0.20830221,-0.545380121,0.627518203
609448,1.153511213,-0.969844745,-1.239505099,0.129582917,-0.35194621
623960,0.796075658,-1.087165792,-0.188511994,0.394431175,-0.159867376
624629,0.1956696,-0.480587249,-0.928182948,-0.179838076,-0.404366866
625454,0.427327974,-0.01922024,-0.12552623,-0.748341034,0.094193835
653215,1.166810497,0.599180275,-0.010653442,-0.874208267,0.585112444
664062,2.234409885,0.110416416,0.553574668,-0.017264811,0.966133656
665788,1.088171254,-0.704527546,-1.181342303,-1.080315861,-0.265899532
669426,1.50597888,-1.077343682,-2.518149042,-0.248018782,-0.696504615
670602,0.367517846,-0.307738375,-0.336934394,0.603551716,-0.092384974
673831,0.293308983,-0.623786263,-0.30555554,-0.342419207,-0.21201094
675238,0.418499791,2.302860593,1.240024046,0.289866971,1.320461477
692864,-0.987640886,0.454411749,-0.190099941,-1.244344466,-0.241109693
692876,-0.85955893,0.466803302,0.58524915,-0.708220853,0.064164507
692904,-1.43238913,0.389017511,-0.081215741,-1.64750508,-0.374862453
701166,-0.948679604,-0.966269042,-1.045640375,-0.39033529,-0.986863007
730613,-0.860454779,-1.132612034,-1.059712292,-1.202037342,-1.017593035
743023,-0.098641186,-0.51511652,-0.924567834,-0.300222217,-0.51277518
743034,0.029961991,-0.921063289,-0.49439458,-0.301653957,-0.461831959
770285,-0.722681366,-1.339205423,-1.715728827,-0.724316126,-1.259205205
770505,-0.471574928,-0.890774233,-0.852772341,-0.098551443,-0.738373834
784135,-0.053172784,-1.262489179,-1.132242633,-1.466232665,-0.815968199
835884,0.039050785,0.416002998,-0.337956424,0.618569251,0.039032453
855168,-1.100363106,-1.60500993,-1.614362038,-0.053569641,-1.439911691
855587,-0.038920643,-1.200873163,-0.958353949,-0.47114992,-0.732715918
876108,0.549358879,-0.494839433,-2.209377744,-0.76590738,-0.718286099
877657,1.26586695,1.871244703,0.342031359,0.927266507,1.159714337
878573,0.087312607,-0.386289935,-0.816367803,-0.501184988,-0.37178171
897095,0.599518271,-1.919633865,-1.342670999,-0.983555426,-0.887595531
900613,0.745851112,0.043718471,-0.838691978,-0.056598321,-0.016374132
904516,0.578807874,0.251102944,-0.429601259,-0.902528395,0.13343652
909641,0.615659839,-0.568910289,-0.691283161,-0.218699584,-0.214844537
909658,-0.170976911,0.284328508,0.327790512,0.43542456,0.14704737
916978,-0.082890534,0.032833143,0.317781376,0.534246071,0.089241328
934019,0.044727209,0.243236397,-0.065167337,0.762938967,0.074265423
984151,1.246956395,2.036847239,0.144298125,1.575482757,1.142700587
1047493,0.654661841,0.041389517,0.499677369,1.270254717,0.398576242
1058137,-1.227085001,-1.929759751,-2.758520353,-1.639111309,-1.971788368
1064007,1.132841537,2.299487407,0.473721187,0.793532571,1.30201671
1066175,0.208789714,-0.813475751,-0.409329591,-0.550532811,-0.338005209
1066279,-0.072311374,2.23308691,0.985952466,0.051899234,1.048909334
1066569,0.056772305,-0.866813855,-0.3630764,-0.393198769,-0.391039317
1079616,0.712370797,2.353274848,0.292492469,0.754199061,1.119379371
1081265,1.565691279,2.122278074,0.095156222,1.898017542,1.261041858
1082612,1.481839825,1.918709793,0.542830683,1.613242927,1.314460101
1093268,0.393733642,-1.039529827,-0.592340525,-0.687122359,-0.412712237
1101307,0.849134343,0.378379002,0.43210514,0.518984669,0.553206162
1127595,0.712093898,0.707109562,0.372312164,0.616791376,0.597171875
1193118,-1.277993649,0.555164315,-0.411931121,-1.040195681,-0.378253485
1195398,-0.610822418,0.019498617,0.953492457,2.167058753,0.120722885
1210458,-1.530232115,-0.755606312,1.849060989,1.40661613,-0.145592479
1290408,-0.336269172,0.024491944,0.338399352,0.205032456,0.008874042
1290414,-0.332376301,0.919398762,-0.133879847,0.080156428,0.151047538
1291472,-0.666690812,0.180335659,0.27105518,-0.285448551,-0.071766658
1291474,-0.013551832,1.832323328,1.944988214,-0.072984661,1.25458657
1291739,-0.949941937,-0.293163428,-0.283932427,-0.229539899,-0.509012597
1293839,-0.038049226,1.577049743,1.173642778,0.737285652,0.904214431
1295300,-0.854232701,0.563511842,-0.489385789,0.1184358,-0.260035549
1295736,-1.678983748,-0.012062504,-0.540360589,-0.264711924,-0.74380228
1295755,-1.016055583,0.195005536,-0.288966558,-0.025745116,-0.370005535
1296234,-0.732226229,0.501402189,0.751764015,-0.359135949,0.173646658
1296766,0.183298742,1.903837398,0.623689302,0.390167423,0.903608481
1298199,-1.01373452,0.228161484,0.196548351,-0.147852065,-0.196341562
1298205,-0.951635905,0.002436499,0.142406103,0.312066805,-0.268931101
1298211,-0.017623872,1.463044924,1.035930576,-0.016934409,0.827117209
1300939,-0.96970762,0.331186045,0.03698498,0.120646343,-0.200512199
1301796,-0.598541145,0.196783895,0.161132057,0.17928474,-0.080208398
1301798,-0.843441794,0.2998844,0.024154703,-0.243369562,-0.17313423
1301800,-1.041359242,0.3234524,-0.03703195,-0.193998139,-0.251646264
1301802,-0.857237867,0.2737786,0.258647229,-0.638781474,-0.108270679
1301936,-1.04376989,0.457576088,0.023825288,-0.408570305,-0.187456171
1302304,-0.380581114,1.309504849,0.667324068,-0.146176457,0.532082601
1302311,-0.892656473,0.436482602,-0.241699784,0.502779263,-0.232624552
1306534,-0.958965578,0.240027756,-0.266448113,0.626019018,-0.328461978
1311265,-0.879609656,0.431976583,-0.037412044,0.004502354,-0.161681706
1342417,-0.105140163,1.71252144,0.390176572,0.686348756,0.665852616
1343502,-0.704397905,0.307947137,-0.021093351,-0.194501608,-0.139181373
1360815,0.567332865,0.192461407,-1.340331311,-0.856374454,-0.193512346
1390242,0.043008808,1.08073577,1.289267307,0.473098196,0.804337295
1390246,-1.646904215,0.168982009,1.692327205,1.085387218,0.071468333
1393230,-0.140526193,1.189829534,0.509720291,-0.098748111,0.519674544
1399978,-1.505009897,0.20619464,1.751925911,0.840205715,0.151036884
1402346,-0.162702525,0.809925277,1.651623384,-0.81048798,0.766282045
1410845,-1.381936551,1.061711761,-0.413105189,-2.007210033,-0.244443326
1437563,-0.551834842,0.485624792,0.684799936,-0.217535312,0.206196629
1439621,-0.008673527,1.907792822,0.719557401,0.175799791,0.872892232
1477928,-0.894342298,1.409251154,4.875384608,-0.668887343,1.796764488
1477994,1.174547374,-0.382929407,-1.261584325,0.376817629,-0.156655453
1478078,0.125092997,-1.403175707,-0.998170884,-2.3110614,-0.758751198
1478148,-0.880179742,-0.38176493,-0.721006495,1.103480633,-0.660983722
1491661,-0.267622716,0.152679332,0.326320816,0.331198624,0.070459144
1500224,-0.189520982,2.09762787,1.173938406,-0.109368159,1.027348431
1504972,0.381517521,1.586030138,1.598714329,0.834494489,1.188753996
1507236,-1.286243603,0.729525743,1.478469548,1.190281824,0.307250562
1507248,-0.200816822,1.262280248,1.446854191,1.235609761,0.836105872
1541043,0.35441402,1.234370775,1.140608404,0.389742621,0.909797733
1541045,-0.317448201,1.459304675,1.705774078,0.34647576,0.949210184
1542708,-0.319158458,0.740100965,1.165474985,0.607768269,0.52880583
1563726,1.479730508,2.706630297,0.687950491,1.597509523,1.624770432
1563730,0.980278474,0.169754108,0.724515513,1.342801443,0.624849365
1586793,2.082612366,-0.036326658,-0.361463113,1.584922799,0.561607532
1630947,0.133668714,1.83854442,1.070688041,0.516365057,1.014300392
1630957,0.152864312,1.616198949,0.780786287,0.184649831,0.849949849
1635496,-0.848865752,0.686376811,1.78806016,0.457042257,0.541857073
1635819,-0.54919616,1.433091287,-0.015155441,-0.514361714,0.289579895
1636202,-0.174201967,1.46114632,0.383047702,0.188299981,0.556664019
1636586,-0.384001628,1.188804288,1.411953135,0.731102424,0.738918598
1637606,0.047015696,1.003899281,1.432410627,0.067632638,0.827775201
1637620,0.296908667,1.49764381,1.389780998,0.759572019,1.061444492
1642335,-0.334257584,0.815886893,0.560010923,0.046982545,0.347213411
1642433,-0.124954711,1.076514541,0.680838514,0.895744631,0.544132781
1642486,-0.246480682,1.072141424,0.985986252,0.745435555,0.603882331
1649008,-1.20229442,0.669909589,1.207243068,1.680385229,0.224952746
1651705,-0.265073619,1.04830762,0.901174659,0.780552513,0.561469553
1671942,0.181808375,1.391954875,0.167779475,0.570118233,0.580514242
1671946,-0.148678418,1.207632107,1.274528115,0.855002981,0.777827268
1672866,-0.491755959,0.87605997,0.776503897,-0.973722048,0.386935969
1673085,-1.12012879,1.583739156,2.368285994,1.856583622,0.943965453
1700001,-1.702349116,-0.879920549,-1.134320479,-0.554104293,-1.238863381
1766332,-0.555393806,0.72479822,-0.045191297,0.071990791,0.041404372
1766345,-0.623869236,0.668599552,0.558972,0.360997692,0.201234105
1766370,-0.358307054,1.062806623,-0.100211984,0.324842329,0.201429195
1790751,0.069851698,1.431597719,0.601787453,0.624060209,0.701078957
1796426,-0.449993114,0.985805588,0.467470755,0.379067506,0.334427743
1799716,-0.931715484,0.733905188,0.262870494,0.068899177,0.021686733
1812547,0.262190451,2.429908819,2.073797775,0.598635028,1.588632348
1815932,-0.263876439,1.247711629,0.628385572,-0.123559689,0.537406921
1815954,0.394873813,1.97630077,1.409241799,0.044032532,1.260138794
1816016,-0.218693079,0.913715609,0.145877626,-0.317135627,0.280300052
1816173,-0.050240915,0.901899966,2.007585438,1.023436939,0.953081496
1817540,0.079649027,1.272709911,1.589144412,0.152199685,0.980501116
1823515,0.462616276,1.670840762,-0.486116982,1.325321631,0.549113352
1831374,0.414558056,-0.222339184,-1.067449312,0.914105514,-0.29174348
1838323,-1.76676065,0.075482109,-0.108844336,1.26435469,-0.600040959
1982528,-0.731957474,0.587295017,-0.08742394,-0.312266138,-0.077362132
1987795,0.077132506,-0.301510955,0.688719125,1.191587696,0.154780225
2011449,0.076692726,1.297315813,1.222260996,0.670481618,0.865423179
2031157,0.728031864,0.454468707,-1.77954235,-0.987488777,-0.199013926
2099196,1.687876921,-0.256071042,-1.337037165,0.023382439,0.031589572
2114149,1.088537738,-0.392264208,-0.248845548,1.299754849,0.149142661
2117143,0.056772305,-0.322344965,-0.662725448,-0.841954789,-0.309432703
2151597,0.577415236,-1.614591549,-1.414466492,0.062715949,-0.817214268
2151603,-1.008359427,-2.051270383,-1.391238538,-0.464353089,-1.483622783
2163595,0.229736289,-0.623520458,-1.460922399,-0.295218995,-0.618235523
2163596,0.71858473,-0.092753158,-0.445936846,0.158422247,0.059964909
2163607,0.440545817,0.131256755,-1.924079348,-0.747554364,-0.450758925
2200733,0.204334902,1.448488963,1.087184111,0.067632638,0.913335992
2201662,-1.786746223,0.193125918,0.502802585,1.212237789,-0.363605907
2201664,-1.468394111,0.369765671,1.120336736,1.180574313,0.007236099
2430154,0.559522691,1.031277145,0.103307122,0.095677431,0.56470232
2448313,0.167621386,0.672599277,1.259670671,0.104079069,0.699963778
2448314,0.700333846,0.850219975,1.727760392,0.561968329,1.092771404
2448315,0.011328335,1.382512487,1.270456888,-0.158535046,0.888099237
2450184,-1.892252788,0.52323613,0.107876694,1.363868471,-0.420379988
2460025,-0.086099302,0.910127248,0.345418417,0.368392392,0.389815454
2464236,0.091058884,1.188323308,1.306346188,0.126491303,0.86190946
2464628,-0.35608372,1.2586286,0.303371598,1.33908836,0.40197216
2464631,-0.140656498,1.545222817,0.739043542,0.538368223,0.71453662
2484301,-2.025921584,0.735879736,0.514982479,1.092954986,-0.258353123
2484313,-1.063144658,1.014316286,1.273995984,1.918470967,0.408389204
2484320,-1.397597618,0.913506762,1.345436723,1.781063282,0.287115289
2485043,-1.357154113,1.18338061,2.001098504,1.705550809,0.609108334
2485050,-0.817421456,1.107885801,0.730951768,1.431522109,0.340472038
2485148,-1.821920508,-0.145344478,-0.071231945,1.902210494,-0.679498977
2485260,-1.101902338,0.208612195,1.262145504,2.217932715,0.122951787
2485890,-2.064190619,0.386872089,0.623959591,1.469549747,-0.351119646
2485913,-2.157301893,0.618166311,0.15827713,0.811232651,-0.46028615
2485915,-1.847834972,0.756606159,-0.055048396,0.762852433,-0.382092403
2485920,-1.424562669,0.176361248,2.110903375,1.520415843,0.287567318
2487807,-2.076976826,0.4194901,-0.44079291,0.43461429,-0.699426545
2586622,-0.103641652,1.273817429,0.837825694,0.41390913,0.669333824
2588632,-0.466631471,0.331793598,1.0825892,0.919627939,0.315917109
2588634,0.216599887,0.770579882,0.591111041,0.058782598,0.526096937
2588696,0.040280541,1.899919946,0.974870621,0.495943099,0.971690369
2600794,-0.277648079,1.449033229,1.095090062,-0.109368159,0.755491737
2601500,0.294286273,1.975984336,1.109440714,0.494401225,1.126570441
2620837,-0.706295476,0.889546385,1.922968114,2.506900282,0.702073008
2621094,-0.692996192,0.674371307,1.889182,2.298173076,0.623519038
2621166,-0.628633523,1.088595989,1.984205447,2.559080117,0.814722637
2668072,-0.291427864,1.626052702,1.084227826,0.754985731,0.806284222
2668073,-0.593304501,0.533374674,0.778835139,1.17251881,0.239635104
3578390,-1.482353065,1.068110055,2.484662265,1.301721525,0.690139752
3578468,-1.702479421,0.577637453,1.907130873,1.329254982,0.260762968
3822784,-0.562658325,-0.089588819,1.937749539,2.125097764,0.428500798
3825284,-1.514717642,0.368791054,1.910298322,1.569189395,0.254790578
3825285,-0.50357302,0.883970819,1.838502829,2.397820591,0.739633542
3826177,-0.880505505,0.129801159,0.512634344,2.683633611,-0.079356668
3826178,-1.221897222,0.378125855,0.877710202,1.54427555,0.011312945
3826179,-1.449247377,0.553677075,-0.434550925,2.593174403,-0.443373742
3827748,-1.448400393,0.836505728,1.072917924,1.440962152,0.15367442
3827757,-1.21925854,0.687781778,0.934606019,1.974914555,0.134376419
3827759,-2.126582421,0.415648592,0.243798232,1.744813519,-0.489045199
3827762,-2.045141614,0.106334418,-0.007697157,0.769145795,-0.648834784
3827768,-2.28909755,0.515325282,-0.009149959,1.212041121,-0.594307409
3827770,-2.311298314,0.12136503,0.584455176,1.427392091,-0.535159369
3827771,-1.569445864,0.300827373,0.903539687,1.759563585,-0.121692935
3827774,-2.05032125,0.27008898,0.653902534,0.050129226,-0.375443245
3830032,-1.503560251,0.955959539,1.045796121,1.254521313,0.166065136
3830034,-2.006636401,1.475702281,-0.066544121,-0.764664441,-0.199159414
3830068,-1.177055914,0.308061053,0.770084535,1.405561992,-0.032970109
3830069,-1.636455359,0.85311851,0.961541998,1.132587431,0.059401716
3830083,-1.821179396,0.505041179,-0.009715877,0.905436408,-0.441951365
3830109,-2.418661729,0.635570178,0.509652719,1.397301955,-0.424479611
3830114,-1.842272565,1.047953214,0.188025804,1.456302221,-0.202097849
3830128,-2.001456766,0.202846769,0.393301788,0.956176637,-0.46843607
3830130,-1.509114514,-0.039225193,0.907847416,1.367605155,-0.21349743
3830162,-1.805257719,-0.094487216,0.121112404,1.27163139,-0.59287751
3830165,-1.840798487,0.315971901,0.84012315,1.178324436,-0.228234478
3830167,-1.785638628,0.482099718,0.481356848,1.362885134,-0.274060687
3830184,-1.426191485,0.309643223,0.391190156,1.042710359,-0.241786035
3830198,-2.015521593,0.391124961,-0.188402189,0.998656828,-0.604266274
3830201,-1.694750688,0.513743112,0.729262462,1.743436846,-0.150581705
3830206,-1.740846185,0.552164521,0.684495861,1.948954438,-0.168061934
3831054,-0.061316865,0.34931771,1.221906242,-1.732197995,0.503302362
3848142,-1.645715179,0.430679204,0.299122994,0.840339449,-0.305304327
3848815,-1.702715599,0.424350525,0.084158842,0.343557213,-0.398068744
3849968,-1.452472433,0.986248596,0.78163094,2.387719746,0.105135701
3854950,-2.322773324,0.246356435,0.19438604,1.026780288,-0.627343616
3855090,-2.015155109,0.82859488,-0.133550432,0.324283793,-0.440036887
3855110,-1.743444147,0.519280706,-0.050563289,0.114526049,-0.42490891
3855646,-1.602975044,0.726544935,0.378942689,1.568599393,-0.16582914
3855675,-1.669406309,0.535893488,0.704556366,1.454925548,-0.142985485
3863169,-2.148791329,0.130858048,-0.109477826,1.787883713,-0.709137036
3863186,-1.462473364,0.609015042,0.925644252,1.332008328,0.024061977
3864287,-2.268729204,0.229743654,0.11161006,1.166610917,-0.642458497
3865255,-1.922239293,0.640316687,0.315019361,0.912319773,-0.322301082
3868700,-2.005903434,-0.060584484,0.14319163,0.744365683,-0.641098763
3868812,-2.132503167,0.497921415,0.426665576,1.264551358,-0.402638725
4057141,-0.841470927,0.654784047,0.73165283,2.615987839,0.181655317
4057142,-0.895572054,0.134927389,1.081246202,2.792201966,0.106867179
4057151,-1.107521753,0.996532699,1.961915058,1.935250643,0.616975334
4057155,-1.025103657,1.052433918,1.920974734,1.701877059,0.649434998
4059217,-1.148877395,0.563764989,2.365591552,1.224100776,0.593493049
4059227,-0.490371466,0.952833172,2.937843863,1.791557463,1.13343519
4062993,-1.248503933,1.41904162,1.57454881,1.659656469,0.581695499
4066585,-1.052125717,0.082785404,2.138354593,0.554384829,0.389671427
4069736,-1.209974288,0.45196255,2.022569579,1.84871692,0.421519281
4069854,-0.902396794,0.527906695,1.719077361,2.692814052,0.448195754
4937014,0.222276312,-0.542810818,-0.304347687,0.381317383,-0.208294064
